店名,评论,口味,环境,服务,总分数
 月满大江千层肚火锅(武侯祠店) ,14001,9.1,9.1,9.1,10.0
 饕林餐厅(武侯祠店) ,13025,9.0,9.0,9.1,10.0
 陶德砂锅(营门口店) ,10570,9.1,9.1,9.2,10.0
 烤匠麻辣烤鱼(IFS店) ,23725,9.0,9.0,8.9,9.85
 陶德砂锅(蜀汉路店) ,16918,9.0,8.8,9.1,9.85
 川西坝子火锅(清江东路3.0直营店) ,15785,8.9,9.0,9.0,9.85
 烤匠麻辣烤鱼(万象城店) ,10740,9.0,8.8,9.0,9.85
 回水镇江湖川菜(太古里店) ,9677,9.0,8.9,8.9,9.7
 饕林餐厅(春熙路店) ,26774,8.9,8.8,9.0,9.7
 五里关火锅(五里墩店) ,13169,9.0,8.4,9.0,9.55
 五里关火锅(小关庙店) ,17449,9.0,8.5,9.0,9.55
 海底捞火锅(春熙路群光广场店) ,7710,9.1,9.1,9.1,9.45
 烤匠麻辣烤鱼(龙湖西宸天街店) ,7288,9.1,9.0,9.0,9.45
 龙翔山庄雷鸡肉(青城山店) ,8830,9.1,9.1,9.2,9.45
 将军府壹号·鸡毛店(人民公园店) ,8865,9.0,9.0,9.1,9.45
 吼堂老火锅(太古里总店) ,21948,8.9,8.9,8.8,9.399999999999999
 原乡漫生活咖啡牛排馆(海棠湾店) ,7994,8.9,9.0,9.0,9.3
 生如夏花泰式海鲜火锅(万象城店) ,8595,9.0,9.0,8.9,9.3
 都氏二当家(ifs旗舰店) ,8963,8.8,9.1,9.0,9.3
 陶德砂锅(双楠店) ,8467,9.0,8.9,9.1,9.3
 川西坝子火锅(金沙1.0直营店) ,10055,8.6,8.8,8.8,9.25
 生如夏花泰式火锅(龙湖西宸店) ,7723,8.9,9.0,8.9,9.15
 匠和风精致料理(悠方店) ,7721,8.9,8.9,9.0,9.149999999999999
 小龙翻大江文化火锅(太古里店) ,11217,8.4,9.1,8.5,9.100000000000001
 小龙翻大江文化火锅(宽窄店) ,16228,8.4,9.1,8.4,9.100000000000001
 味之绝美蛙鱼火锅(科华总店) ,12390,8.8,8.4,8.6,9.1
 玥轩YUE HIN(IFS国际金融中心店) ,7717,8.7,9.0,8.9,9.0
 生如夏花泰式火锅(西村欢聚店) ,9474,8.8,8.9,8.9,9.0
 饕林餐厅(奎星楼店) ,10999,8.8,8.3,8.7,8.95
 大龙燚火锅HOYO店(太古里店) ,14053,8.6,8.5,8.6,8.95
 盡膳口福跷脚牛肉火锅(科华北路店) ,10134,8.6,8.6,8.6,8.95
 巴蜀大将火锅(春熙店) ,12650,8.7,8.5,8.7,8.95
 鸡毛店·川菜(东郊记忆店) ,6456,9.0,9.0,9.1,8.9
 生如夏花泰式火锅(鹭洲里店) ,7049,9.0,9.1,9.0,8.9
 海底捞火锅(世豪广场店) ,6958,9.0,9.1,9.2,8.9
 海底捞火锅(阳光新业店) ,9623,8.4,8.9,9.1,8.85
 蜀大侠火锅(春熙店) ,16556,8.7,8.6,8.4,8.8
 四千高原·云南菜(武侯店) ,6774,8.9,9.0,9.0,8.75
 烤匠麻辣烤鱼(龙湖滨江店) ,5976,9.0,8.9,9.0,8.75
 朴田泰式火锅(中粮鸿云悦街店) ,6220,9.0,9.1,8.9,8.75
 如在蜀毛肚火锅(玉林店) ,6454,9.0,8.9,9.0,8.75
 大鸭梨烤鸭(仁和新城店) ,9462,8.7,8.8,8.7,8.7
 集渔·泰式海鲜火锅(太古里晶融汇店) ,18803,8.4,8.5,8.4,8.65
 巴蜀大将火锅(武侯祠店) ,10568,8.3,8.7,8.4,8.65
 小饕荟雅安贡椒鱼鲜馆(广福桥店) ,6962,9.1,8.7,9.1,8.600000000000001
 烤匠麻辣烤鱼(仁和新城店) ,6114,9.0,8.8,8.9,8.6
 都氏二当家(仁和新城店) ,7450,8.4,9.0,8.4,8.55
 蜀大侠火锅(天府三街店) ,8573,8.9,8.7,8.4,8.55
 竹涟烧肉(太古里店) ,8593,8.8,8.7,8.5,8.55
 烤匠麻辣烤鱼(环球中心店) ,7216,8.6,8.7,8.6,8.55
 园里火锅(府城大道店) ,7874,8.3,9.1,8.6,8.549999999999999
 川西坝子火锅(羊犀2.0直营店) ,8456,8.5,8.8,8.8,8.549999999999999
 集渔·泰式海鲜火锅(科华店) ,13375,8.3,8.4,8.5,8.5
 曼奈·肉桂厨房(宽窄巷子店) ,10443,8.5,8.3,8.5,8.5
 蜀大侠火锅(总府路店) ,11728,8.5,8.4,8.3,8.5
 烤匠麻辣烤鱼(春熙路群光广场店) ,15435,8.5,8.4,8.3,8.5
 小龙坎火锅(春熙太古里店) ,13969,8.5,8.4,8.3,8.5
 蜀大侠火锅(西玉龙店) ,13882,8.5,8.4,8.3,8.5
 如在蜀毛肚火锅(春熙路店) ,7128,9.0,8.9,8.8,8.45
 海底捞火锅(金牛凯德店) ,5631,8.6,8.9,9.0,8.45
 海底捞火锅(龙湖三千集店) ,5994,8.5,9.0,9.2,8.45
 红辣椒·川菜·火锅(科华路店) ,5902,8.7,8.9,9.1,8.45
 大院河·仙鱼莊(琉璃旗舰店) ,6055,8.8,9.1,8.8,8.45
 蜀锦嬉自助餐厅(成都首座万豪酒店) ,5788,8.5,9.1,9.0,8.45
 赞酱川式烤肉(红光店) ,6299,8.8,8.7,9.0,8.45
 鸡毛店·川菜(玉林店) ,9243,8.8,8.6,8.5,8.4
 生如夏花泰式海鲜火锅(龙湖滨江天街店) ,4613,9.1,9.0,9.0,8.350000000000001
 四千高原·云南菜(天府二街店) ,4792,9.1,9.1,9.1,8.350000000000001
 牛水煮·牛肉水煮·川小馆(天府三街旗舰店) ,10383,8.3,8.3,8.5,8.350000000000001
 赞酱川式烤肉(蜀都万达直营店) ,13256,8.3,8.3,8.4,8.350000000000001
 重庆矮板凳老火锅(犀浦店) ,5277,9.0,9.0,9.0,8.350000000000001
 蜀大侠火锅(中坝店) ,6060,8.8,8.8,8.6,8.299999999999999
 小龙坎火锅(全球旗舰店) ,17094,8.4,8.4,8.2,8.2
 La Terre乐田(仁和新城店) ,4984,8.9,9.1,9.1,8.2
 赤宴(玉林店) ,5024,9.0,8.8,9.0,8.2
 马旺子(太古里店) ,24171,8.2,8.6,8.4,8.2
 烤匠麻辣烤鱼(来福士店) ,6493,8.9,8.7,8.6,8.15
 锦城印象火锅(玉林店) ,6524,8.7,8.8,8.7,8.15
 Lian尚莲越泰料理(太古里店) ,5867,8.6,8.9,8.7,8.15
 匠和风精致料理(龙湖滨江天街店) ,5935,8.8,8.7,8.8,8.15
 锦城印象火锅(彩虹店) ,8423,8.5,8.4,8.4,8.1
 飞火令西昌自助烤肉(润扬双铁店) ,7480,8.4,8.3,8.7,8.1
 青城甲(青城山店) ,8916,8.4,8.4,8.4,8.1
 俏媳妇火锅(宽窄巷子店) ,7716,8.5,8.5,8.4,8.1
 Muben末本意大利餐厅·臻选(大悦城店) ,4591,8.6,9.0,9.1,8.05
 卢记正街饭店·川湘菜 ,11438,8.2,8.3,8.5,8.05
 金牌泰香米(成都银泰中心店) ,5067,8.9,9.0,8.9,8.05
 苏坦中东料理·清真·西餐(太古里店) ,10533,8.1,8.5,8.4,8.05
 雍容荟帝王蟹波龙海鲜盛宴(苏宁奥莱店) ,10183,8.2,8.3,8.4,8.05
 味之绝美蛙鱼火锅(建设路店) ,4969,9.0,8.7,9.0,8.05
 蓉记香辣蟹爬爬虾(宽窄巷子店) ,12404,8.5,8.3,8.2,8.049999999999999
 玛歌庄园火锅(五龙山店) ,9634,8.2,8.4,8.3,8.049999999999999
 唐宫小聚·港式点心(太古里水璟唐店) ,9632,8.2,8.6,8.3,8.049999999999999
 饕林餐厅(太古里东升店) ,15149,8.4,8.2,8.3,8.049999999999999
 大鸭梨烤鸭(天荟·万科广场店) ,6509,8.5,8.9,8.6,8.0
 大龙燚火锅(科华店) ,6161,8.8,8.5,8.8,8.0
 禄合門美蛙火锅(太古里店) ,6187,8.8,8.6,8.6,8.0
 巴蜀大宅门火锅(北门大桥店) ,8672,8.5,8.3,8.4,7.95
 大龙燚火锅(玉林总店) ,7342,8.4,8.3,8.4,7.95
 川西坝子火锅(华阳2.0直营店) ,9449,8.3,8.4,8.4,7.949999999999999
 椰妹·椰子鸡火锅(武侯大悦城店) ,7656,8.3,8.4,8.4,7.949999999999999
 不站·花胶鸡(优品道店) ,5378,9.0,8.9,8.7,7.9
 和幸(春熙路群光广场店) ,13423,8.2,8.3,8.3,7.9
 川渝味腊排铜锅家常菜(街子古镇店) ,4554,8.9,8.7,9.0,7.9
 正禾鲜·潮汕牛肉火锅(仁和新城店) ,5007,8.9,8.8,8.9,7.8999999999999995
 不站·花胶鸡(桐梓林店) ,6820,8.6,8.7,8.4,7.8500000000000005
 味之绝美蛙鱼火锅(太古里店) ,6586,8.6,8.4,8.6,7.8500000000000005
 画厨CAFE(川大店) ,6051,8.3,8.8,8.7,7.8500000000000005
 缘贡自贡菜·川菜馆(春熙路店) ,5729,8.8,8.5,8.5,7.85
 岚山·炭火烤肉料理(世纪城店) ,3795,9.1,9.0,9.1,7.800000000000001
 武士的牛·纯血和牛烧肉(双楠店) ,4182,9.1,9.0,9.2,7.800000000000001
 额尔敦必福牛匠(冻青树总店) ,7238,8.5,8.3,8.3,7.800000000000001
 碳楽·满腹和牛烧肉店(保利中心店) ,4299,9.2,9.1,9.2,7.800000000000001
 岚山·炭火烤肉料理(世纪城店) ,3795,9.1,9.0,9.1,7.800000000000001
 将军府壹号·鸡毛店(紫荆店) ,3615,9.1,9.1,9.2,7.800000000000001
 皇城熙客?巴蜀大牌档(太古里店) ,7508,8.3,8.3,8.4,7.8
 巴蜀大将火锅(ifs概念店) ,9450,8.3,8.3,8.4,7.8
 曼奈·肉桂厨房(光华店) ,9378,8.7,8.2,8.4,7.8
 乐山胖哥跷脚牛肉(东风路总店) ,7252,8.9,8.1,8.5,7.8
 烤匠麻辣烤鱼(in99银泰店) ,5487,8.9,8.8,8.6,7.75
 烤匠麻辣烤鱼(伊藤店) ,4569,8.9,8.8,8.6,7.75
 富力丽思卡尔顿酒店·丽轩中餐厅 ,4711,8.4,9.1,8.9,7.75
 Wehouse维豪斯西餐(银泰中心in99店) ,15622,8.2,8.6,8.2,7.749999999999999
 陈麻婆豆腐(旗舰店) ,16490,8.2,8.4,8.2,7.749999999999999
 天府掌柜(九眼桥店) ,10650,8.2,8.4,8.2,7.749999999999999
 鸡毛店·川菜(李家沱店) ,7164,8.7,8.4,8.4,7.7
 蜀大侠火锅(建设路第五大道店) ,6143,8.7,8.4,8.4,7.7
 TAVIE LAND塔未 ,4178,8.8,9.1,9.0,7.65
 堂前燕·川菜 ,3744,9.1,8.8,9.0,7.65
 南堂馆·新川菜(春熙路店) ,4286,8.8,9.1,9.0,7.65
 蜀镇老火锅(双楠直营店) ,4097,9.0,8.8,9.0,7.65
 么哈(科华北路店) ,8079,8.3,8.3,8.3,7.65
 8号火锅中餐厅(成都群光君悦酒店) ,3892,8.8,9.1,9.0,7.65
 三岔口·烤肉(建设路店) ,3630,9.1,8.8,9.1,7.65
 海底捞火锅(成都大悦城店) ,4966,8.6,8.7,8.9,7.6000000000000005
 重庆矮板凳老火锅(航空港店) ,19223,8.3,8.2,8.2,7.6
 inns·隐是 餐吧 ,5166,8.5,8.9,8.9,7.6
 太食獸泰式茶餐厅(万象城店) ,11898,8.2,8.3,8.2,7.6
 大院河·仙鱼莊(九眼桥店) ,6300,8.6,8.6,8.3,7.550000000000001
 鳗满·活烤鳗鱼专门店(成都桐梓林店) ,6611,8.4,8.3,8.6,7.55
 巴蜀大将火锅(IFS店) ,6300,8.4,8.4,8.4,7.55
 拾谷西餐(天府三街店) ,4060,8.6,9.1,9.0,7.5
 全福居老北京涮羊肉(华阳店) ,10232,8.3,8.1,8.2,7.45
 BURANO布拉诺西餐(环球中心店) ,4830,8.5,8.8,8.7,7.45
 吃城都·鱼蛙火锅(西玉龙街店) ,5374,8.9,8.6,8.7,7.45
 隐家炭火烧鸟(太古里店) ,6110,8.3,8.3,8.6,7.400000000000001
 小龙坎火锅(盐市口店) ,6304,8.4,8.5,8.3,7.4
 大彤集老火锅 ,7001,8.4,8.4,8.3,7.4
 悦百味·品质川菜(UPARK公园店) ,4376,8.9,9.0,8.8,7.3500000000000005
 老码头火锅(春熙店) ,9104,8.2,8.3,8.3,7.35
 龙森园火锅(琴台路店) ,9168,8.2,8.3,8.3,7.35
 鸡毛店·川菜(双楠店) ,4581,8.7,8.5,8.6,7.300000000000001
 孔干饭(红星路店) ,5122,8.6,8.4,8.6,7.300000000000001
 竹涟烧肉(光环店) ,5026,8.8,8.6,8.4,7.3
 凛火烧鸟酒场(高新店) ,4649,8.3,8.7,8.9,7.3
 柴门饭儿(成都太古里店) ,14293,8.1,8.3,8.1,7.3
 集渔·泰式海鲜火锅(建设店) ,10456,8.2,8.2,8.2,7.299999999999999
 凉山好汉自助西昌烧烤(太古里店) ,12023,8.2,8.2,8.2,7.299999999999999
 岷山饭店·THE RIVER HOUSE西餐厅 ,3371,9.0,9.1,9.2,7.25
 锦城印象火锅(高新天府三街店) ,3077,9.0,9.1,9.0,7.25
 海底捞火锅(凯德天府店) ,3057,9.0,9.0,9.0,7.25
 蜀香麻麻鱼·芋儿鸡(都江堰店) ,5648,8.7,8.2,8.4,7.25
 酒本日式烧肉专门店(静安路店) ,4459,8.9,8.8,8.8,7.2
 麻辣空间·清油火锅(万科魅力店) ,4175,8.8,8.7,8.9,7.2
 锦城印象火锅(高新德商国际店) ,4511,8.9,8.9,8.7,7.2
 Tivano意大利餐厅(笔帖式街店) ,3765,8.3,9.1,9.0,7.2
 樂猪烤肉(成都合生汇店) ,4752,8.4,8.5,8.6,7.15
 猫抓烤肉(凯德广场店) ,4588,8.5,8.6,8.6,7.15
 成都吃客(奎星楼店) ,17025,8.3,7.8,8.2,7.15
 张烤鸭·川菜·非遗冒烤鸭(青石桥店) ,10824,8.2,8.1,8.2,7.1499999999999995
 霸王虾·小龙虾江湖川菜(太古里店) ,6776,8.3,8.3,8.3,7.100000000000001
 鮨秀吉日式料理(新都店) ,5760,8.3,8.3,8.3,7.100000000000001
 海底捞火锅(王府井店) ,3173,8.8,9.0,9.0,7.1
 味之绝美蛙鱼火锅(耍都店) ,3201,9.1,8.9,9.1,7.1
 许家菜(望江店) ,3528,8.9,9.0,9.0,7.1
 竹涟烧肉(西宸天街店) ,3828,9.0,8.6,8.8,7.050000000000001
 不站·花胶鸡(攀成钢店) ,4065,8.7,8.8,8.6,7.05
 唐宫·粤菜海鲜(高新仁和新城店) ,7538,8.1,8.4,8.2,7.05
 首尔朴宝·炭火烤肉(金沙店) ,4323,8.7,8.5,9.0,7.05
 钦善斋·养生膳食(武侯祠店) ,9260,8.2,8.3,8.2,7.049999999999999
 唐宫·粤菜海鲜(人民南路店) ,8234,8.2,8.3,8.2,7.049999999999999
 丁海记粤式大排档(春熙店) ,7988,8.3,8.2,8.2,7.049999999999999
 孔干饭(清江东路店) ,4756,8.4,8.3,8.6,7.000000000000001
 三国义府火锅(武侯祠总店) ,5457,8.4,8.6,8.4,7.0
 大龙燚火锅(花牌坊店) ,4780,8.5,8.6,8.5,7.0
 蜀大侠火锅(动物园概念店) ,5312,8.5,8.6,8.4,7.0
 姜虎东白丁烤肉(ifs国际金融店) ,12094,8.1,8.2,8.1,7.0
 嘉州叶婆婆钵钵鸡(太古里店) ,24696,8.1,8.2,8.1,7.0
 比萨先生PIZZAMAN ,5377,8.3,8.4,8.6,7.0
 味之绝美蛙鱼火锅(华阳二店) ,12303,8.2,8.0,8.1,7.0
 园里火锅(天府三街店) ,6965,8.0,9.0,8.3,6.950000000000001
 饭团匠·料理小食堂(总店) ,2985,9.0,8.7,9.0,6.95
 翠园(成都太古里店) ,7059,8.2,8.5,8.3,6.949999999999999
 廊桥THE BRIDGE ,4078,8.3,9.0,8.8,6.9
 小龙坎火锅(新中兴店) ,4300,8.6,8.8,8.5,6.8999999999999995
 石灰石烧鸡公(太古里店) ,7888,8.3,8.0,8.2,6.8999999999999995
 永乐饭店 ,8778,8.3,8.0,8.2,6.8999999999999995
 岐余食堂(总店) ,5139,8.4,8.3,8.4,6.8500000000000005
 都氏二当家(翡翠城店) ,5447,8.2,9.0,8.3,6.85
 滨寿司(春熙路店) ,6632,8.3,8.3,8.2,6.800000000000001
 渝九香(武侯祠店) ,6739,8.4,8.1,8.3,6.800000000000001
 甜叔叔西餐厅 ,7167,8.1,8.3,8.1,6.750000000000001
 成都瑞吉酒店·秀餐厅 ,4183,8.2,8.8,9.0,6.75
 柳飘飘亚洲烤肉集合店(温江店) ,7695,8.2,8.2,8.2,6.749999999999999
 ZHAO赵·牛扒坊(万科天荟店) ,2479,9.1,9.2,9.2,6.7
 蜀镇老火锅(龙腾店) ,2404,9.1,9.1,9.1,6.7
 BURANO布拉诺西餐(滨江天街店) ,2722,9.1,9.1,9.1,6.7
 御苑精品川菜馆(锦江店) ,2457,9.1,9.0,9.1,6.7
 莲·中餐厅(成都首座万豪酒店) ,2401,9.1,9.2,9.2,6.7
 山海烧肉(铁像寺路店) ,2732,9.1,9.1,9.1,6.7
 蜀镇老火锅(龙腾店) ,2404,9.1,9.1,9.1,6.7
 成都宴(桐梓林店) ,2981,8.4,9.0,8.9,6.6499999999999995
 享月·汤皇(橡树林店) ,3864,8.4,8.7,8.5,6.6000000000000005
 袁老四老火锅(东大街店) ,9510,8.1,8.3,8.0,6.6000000000000005
 老龙亭拉面店 ,4258,8.8,8.1,9.0,6.6000000000000005
 萨芭蒂高空花园餐酒吧 ,4041,8.3,8.8,8.4,6.6
 大院河·仙鱼莊(羊犀店) ,3962,8.5,8.8,8.3,6.6
 南山木槿韩国料理·烤肉(芳草街店) ,4215,8.3,8.3,9.0,6.6
 凉山好汉自助西昌烧烤(高新店) ,9010,8.3,7.9,8.1,6.6
 皇城老妈(皇城店) ,8216,7.9,8.3,8.2,6.6
 汉巴味德(大悦城店) ,9404,8.1,8.2,8.2,6.6
 园里火锅(东郊记忆店) ,4547,8.3,9.1,8.3,6.6
 不二·民谣音乐餐酒吧(九眼桥店) ,4369,8.4,8.8,8.3,6.6
 天星正源火锅(地勘路店) ,8409,8.3,8.0,8.0,6.6
 匠岳·王宝器麻椒鱼(全国总店) ,4876,8.7,8.3,8.2,6.550000000000001
 obibi蜀色茶颜(奎星楼店) ,5142,8.3,8.3,8.3,6.550000000000001
 兰正韩·韩国料理(春熙路店) ,9630,8.0,8.1,8.1,6.550000000000001
 龙山烧肉(万象城店) ,9989,8.1,8.1,7.9,6.550000000000001
 蓉和妈妈菜·芙蓉花开(高新店) ,5187,8.3,8.3,8.3,6.550000000000001
 谷焱大牛烧肉(草市街店) ,2787,9.1,8.8,9.1,6.55
 苏坦土耳其西餐厅(玉林店) ,5411,8.2,8.5,8.4,6.55
 嘉州叶婆婆钵钵鸡(人民南路总店) ,9757,8.0,8.2,8.0,6.55
 一善·菌飧云南菌子火锅(银泰城店) ,2319,9.1,8.9,9.1,6.55
 冒椒火辣(太古里店) ,11167,8.1,7.9,8.0,6.55
 泰香米泰国餐厅(环球中心店) ,6166,8.2,8.3,8.2,6.5
 小紅袍龙虾馆(桐梓林店) ,5668,8.2,8.3,8.2,6.5
 凛火炭火烧鸟酒场(桐梓林店) ,3590,8.6,8.4,9.0,6.5
 The bon House李本家(玉林生活广场店) ,6276,8.2,8.0,8.4,6.5
 画厨CAFE(西宸天街店) ,3835,8.4,8.6,8.5,6.45
 麻辣空间·清油火锅(武侯祠店) ,8287,8.2,8.1,8.1,6.45
 谭鸭血老火锅(太古里店) ,17704,8.0,8.1,8.0,6.4
 BURANO布拉诺西餐(春熙路群光广场店) ,2710,8.6,9.0,9.0,6.4
 宴御海鲜姿造(桐梓林店) ,4795,8.2,8.4,8.3,6.4
 無早小食 ,5069,8.2,8.5,8.3,6.4
 MONDOLI ,6189,8.2,8.3,8.1,6.3500000000000005
 麓轩·Luxexuan(麓湖店) ,3208,8.4,8.9,8.6,6.35
 藏炭烧肉屋(天荟·万科广场店) ,3388,8.8,8.7,8.4,6.35
 甦杏鸡毛店(天府长城店) ,3581,8.9,8.6,8.6,6.35
 LELECHA乐乐茶(IFS国际金融中心店) ,8469,8.1,8.1,8.1,6.300000000000001
 土灶人家·柴火鸡(都江堰店) ,3794,8.4,8.5,8.3,6.300000000000001
 花图缘烤肉(泛悦国际店) ,4011,8.3,8.3,8.6,6.3
 张太婆老妈蹄花·川菜馆(太古里总店) ,9221,8.2,7.9,8.1,6.3
 谦和清心素食(交大店) ,4026,8.5,8.3,8.4,6.3
 明婷饭店(外曹家巷店) ,17907,8.1,7.6,7.9,6.250000000000001
 冒椒火辣(奎星楼街店) ,24026,8.1,7.7,7.8,6.250000000000001
 Mr·Fish鱼鲜生海鲜放题(银泰in99店) ,10768,7.7,8.0,7.8,6.250000000000001
 乐山鲜知味钵钵鸡(草堂北路店) ,16528,8.1,7.5,7.8,6.250000000000001
 德门荟(太古里店) ,2350,8.5,9.1,9.1,6.25
 苏帮主三样菜·江湖川菜(双楠店) ,2495,8.8,9.0,8.8,6.25
 爱妻牛排火锅(川音店) ,5156,8.5,8.0,8.3,6.25
 川传串传承四川地道串串香(宽窄巷子总店) ,5172,8.3,8.2,8.3,6.25
 南荟里(锦华万达店) ,2810,8.6,8.8,9.0,6.25
 希尔顿嘉悦里?TC CAFE 御蓉高空餐厅 ,2414,8.4,9.1,9.0,6.25
 凯菲厅·全日海鲜牛排自助餐厅(成都群光君悦酒店店) ,2947,8.5,9.1,9.0,6.25
 成都茂业JW万豪酒店·万豪中餐厅 ,3508,8.3,8.8,8.7,6.2
 FIELDS AVANT 十域·臻选(悠方店) ,3587,8.3,9.0,8.5,6.2
 谧寻茶室·素食(博舍酒店) ,3088,8.3,9.0,8.5,6.2
 小微家·小吃串串集合店 ,6211,8.2,8.2,8.2,6.199999999999999
 木屋烧烤(少陵路店) ,3266,8.4,8.8,8.4,6.199999999999999
 岳记兴隆·青城腊排铜火锅(创始店) ,5953,8.2,8.2,8.2,6.199999999999999
 椒香城门口老火锅(中航店) ,4377,8.5,8.3,8.3,6.15
 Silver pot·银锅现代川菜(悠方店) ,1918,9.0,9.1,9.1,6.15
 灶门坎烧烤·江湖大排档(太古里店) ,8594,8.1,7.9,8.1,6.15
 北海海鲜料理(桐梓林店) ,1751,9.1,9.1,9.1,6.15
 画厨CAFE(九方店) ,4064,8.2,8.4,8.6,6.15
 FOOOO light 孚乐里·轻(锦城万达广场店) ,4458,8.3,8.4,8.3,6.15
 额尔敦传统涮·烧烤(解放路店) ,4046,8.5,8.3,8.3,6.15
 真鑫·硬派烧烤·烤羊腿(蜀都万达总店) ,2122,9.2,9.1,9.2,6.15
 锦城印象火锅(高新天府长城店) ,3658,8.5,8.3,8.3,6.15
 古巴热浪城堡·特色川菜&红酒馆 ,1926,9.0,9.1,9.1,6.15
 乔一乔怪味餐厅(东升店) ,7841,8.1,8.1,8.0,6.15
 享月·汤皇(UPARK公园店) ,2145,9.1,9.1,9.2,6.15
 鮨·天和 Omakase(桐梓林店) ,1846,9.1,9.0,9.0,6.15
 嗨岛兔·烤兔兔头四川特产(总店) ,8400,8.1,7.9,8.1,6.15
 喜茶(IFS黑金店) ,11643,7.9,7.9,7.8,6.1000000000000005
 浅喜火锅(中环岛广场C座店) ,2667,8.6,9.1,8.7,6.1000000000000005
 鸡毛店·川菜(沙湾店) ,2647,8.9,8.8,8.8,6.1
 赞酱川式烤肉(吾悦广场直营店) ,2902,8.8,8.4,9.0,6.1
 唯成?韩国炭火烤肉 ???? ,3386,8.6,8.3,8.6,6.05
 竹涟烧肉(天府和悦店) ,3299,8.6,8.4,8.5,6.05
 蚝英雄·自助烤蚝(太古里店) ,5880,8.2,8.1,8.2,6.05
 禅悦素食 ,3551,8.3,8.7,8.7,6.05
 卞氏菜根香(天府三街店) ,3347,8.4,8.7,8.4,6.05
 坝坝老柴房·柴火鸡(西航港店) ,8254,8.1,7.9,8.0,6.0
 祥侬国鸡宴?青城樂道苑 ,4311,8.3,8.3,8.3,6.0
 九品风山珍宝酒楼(科华中路店) ,2293,9.1,9.0,8.9,6.0
 IF艺术美学餐厅(太古里店) ,1975,8.8,9.0,9.0,6.0
 云门·兰亭(太古里店) ,2192,8.9,9.0,9.1,6.0
 清沐·美学概念私房餐厅(太古里店) ,2160,8.8,9.2,9.1,6.0
 仁和春天酒店·春天庭餐厅 ,2013,8.8,9.1,9.0,6.0
 良木缘咖啡西餐(天府三街店) ,2117,8.8,9.1,9.0,6.0
 谢彬肥肠鸡(春熙路店) ,12232,7.9,7.7,7.8,5.950000000000001
 悦百味·品质川菜(滨江店) ,2454,8.7,8.9,8.7,5.95
 BURANO布拉诺西餐(武侯大悦城店) ,2413,8.8,8.6,8.9,5.949999999999999
 花胶仔·海鲜荟(春熙路店) ,4639,8.2,8.3,8.2,5.949999999999999
 海椒市串串香(茶店子店) ,5314,8.2,8.3,8.2,5.949999999999999
 豪虾传·龙虾馆&烤鱼(春熙路太古里总店) ,5579,8.2,8.2,8.3,5.949999999999999
 巴蜀大宅门火锅(清江东路店) ,5664,8.2,8.1,8.1,5.9
 仁和小院西昌火盆烧烤(时光里店) ,2998,8.4,8.4,8.4,5.8999999999999995
 钢管厂五区小郡肝串串香(新华公园总店) ,8150,8.1,7.9,7.9,5.8500000000000005
 冒椒火辣(玉林店) ,7647,8.1,7.8,8.0,5.8500000000000005
 HYGGE Life·来福 ,4277,8.2,8.5,8.3,5.85
 LYFATTI 莱芙缇(一品天下店) ,3754,8.3,8.6,8.2,5.85
 小東家一骨香(电子科大店) ,3819,8.6,8.1,8.3,5.85
 正反面(总店) ,5165,8.1,8.3,8.2,5.800000000000001
 九田家黑牛烤肉料理(航港路店) ,2826,8.7,8.7,8.8,5.800000000000001
 红墙记忆·川味小馆 ,2526,8.8,8.4,8.8,5.8
 饭团匠·料理小食堂(玉林店) ,2927,8.8,8.6,8.6,5.8
 李记称盘牛杂串串(广福店) ,4570,8.3,8.1,8.2,5.8
 马路边边串串香(盐市口店) ,6255,8.1,8.1,8.1,5.750000000000001
 俭让佬妈现卤串串(温江总店) ,5798,8.1,8.1,8.1,5.750000000000001
 八二小区抄手(建中路店) ,6289,8.1,8.1,8.1,5.750000000000001
 简单味道(华阳店) ,3147,8.4,8.5,8.3,5.75
 里院传家菜·小庭院川菜(九眼桥店) ,3279,8.4,8.4,8.3,5.75
 多恩餐厅 Dawn Bistro ,3096,8.3,8.5,8.5,5.75
 蜀九香火锅(百花iHome店) ,5895,8.2,8.1,8.0,5.75
 兰香村土菜馆 ,3372,8.5,8.3,8.4,5.749999999999999
 夹夹大·蟹蟹大排档(339店) ,8472,8.1,7.6,7.9,5.700000000000001
 宫廷糕点铺 ,7989,8.1,7.8,7.7,5.700000000000001
 黑竹香鸡(营和巷店) ,9241,8.1,7.1,7.6,5.700000000000001
 盘飧市(春熙路店) ,8982,8.0,8.0,7.9,5.700000000000001
 乐山王屠夫跷脚牛肉(安公路总店) ,8301,8.1,7.8,7.9,5.700000000000001
 子非(宽窄巷子店) ,2181,8.5,9.1,9.1,5.7
 安格丽娜·狗咖·猫咖羊驼咖(春熙路百盛商场店) ,4544,8.1,8.3,8.4,5.7
 夹夹大·蟹蟹大排档(财富又一城店) ,4318,8.3,8.3,8.2,5.699999999999999
 舌尖牧牛·潮汕牛肉(凯德广场店) ,1953,8.8,8.9,8.9,5.699999999999999
 千寿精致料理·寿喜烧(王府井店) ,2566,8.7,8.3,8.9,5.65
 山城外·非遗酸菜鱼(春熙路群光广场店) ,2354,8.5,8.7,8.7,5.65
 组织向南 ,5105,8.2,7.9,8.3,5.65
 马路边边串串香(339店) ,4909,8.2,8.2,8.2,5.6499999999999995
 屋头串串(贝森店) ,5252,8.2,8.2,8.2,5.6499999999999995
 而绘花园·Bistro & Café (王府井店) ,2834,8.3,9.0,8.4,5.6499999999999995
 四方火锅招待所(益州大道店) ,2375,8.9,8.6,8.5,5.6499999999999995
 饭团匠·料理小食堂(镋钯街店) ,3065,8.6,8.2,8.4,5.6
 名善山珍·野生菌汤锅(文殊院店) ,2968,8.4,8.3,8.3,5.6
 集渔·泰式海鲜火锅(龙泉吾悦广场店) ,3412,8.3,8.4,8.3,5.6
 醀爐围炉火锅(茂业仁和春天店) ,1452,9.1,9.1,9.1,5.6
 漾·19Club ,1567,9.0,9.2,9.1,5.6
 协信中心-希尔顿厨艺西餐厅 ,1631,9.0,9.2,9.1,5.6
 泰喜欢·清迈餐厅(桐梓林店) ,3412,8.3,8.4,8.3,5.6
 瓦库36号(东郊记忆万科天荟店) ,2176,8.7,9.0,8.8,5.55
 良木缘咖啡西餐(高新九方店) ,2233,8.6,9.0,8.8,5.55
 川江滋香老火锅(光明街店) ,2022,8.9,8.8,8.7,5.55
 沸腾码头生态公园火锅 ,3595,8.2,8.5,8.2,5.55
 转转会(会展店) ,5072,8.1,8.5,7.9,5.500000000000001
 陈麻婆豆腐(金沙店) ,4752,8.1,8.3,8.0,5.500000000000001
 無早咖啡 ,5554,8.0,8.3,8.2,5.5
 岘港·越南料理(悠方店) ,5015,8.2,8.2,8.1,5.5
 龙山烧肉(紫荆店) ,2908,8.8,8.3,8.4,5.499999999999999
 昊·来了寿司(双楠一店) ,3565,8.9,8.1,8.3,5.449999999999999
 WONDER ICE 萬得冰田(建設店) ,7697,8.0,7.8,7.8,5.400000000000001
 南贝(兴隆湖店) ,1871,8.7,8.8,8.7,5.4
 宝炙星BURGER AUSTINE(桐梓林店) ,4369,8.4,8.0,8.2,5.4
 S+steak house炭烤熟成牛排馆(保利店) ,2277,9.0,8.5,8.8,5.4
 卤校长重庆火锅(银泰城店) ,3999,8.3,8.2,8.2,5.3999999999999995
 花醉·川小馆(成华公园店) ,4412,8.1,8.5,8.2,5.3999999999999995
 DF艺术餐厅 ,1953,8.4,8.9,8.9,5.3999999999999995
 凉山好汉自助西昌烧烤(科华店) ,5446,8.2,8.1,8.1,5.3500000000000005
 Ginko银子 ,4728,8.1,8.2,8.1,5.3500000000000005
 藕王之家养生汤(温江直营店) ,2550,8.5,8.4,8.5,5.35
 DaHuo龘伙·烧烤专门店(桐梓林店) ,2886,8.4,8.6,8.4,5.35
 钢一区伍妹烤鸭(牛市口店) ,5899,8.1,7.6,8.0,5.300000000000001
 RawHeart Brunch&Bistro(太古里店) ,3147,8.2,8.4,8.3,5.300000000000001
 奈雪的茶(国金IFS PRO店) ,5952,7.9,8.1,8.0,5.300000000000001
 马路边边串串香(玉林店) ,6343,8.0,8.0,8.0,5.300000000000001
 良木缘·九栖(翡翠店) ,1663,8.7,9.1,9.0,5.3
 蓝榭餐厅 LAN XIE(花园城店) ,1246,8.8,9.1,8.9,5.3
 匠作羊虾·一家吃好龙虾的店(万象润街店) ,1234,8.9,8.9,9.0,5.3
 柴门鱼鲜馆(航空路店) ,1154,8.9,9.0,8.9,5.3
 COMMUNE幻师(城南优品道店) ,2956,8.3,8.4,8.2,5.3
 万重锦·人文川菜馆(骡马市店) ,3186,8.3,8.4,8.2,5.3
 常识咖啡common sense(春熙路店) ,3170,8.3,8.2,8.4,5.3
 胡桃里音乐餐酒馆·新派宴会·年会团建·派对场地租赁(文殊坊店) ,3846,8.1,8.4,8.1,5.25
 BURANO布拉诺西餐(金牛凯德店) ,1972,8.9,8.6,8.8,5.25
 叼嘴撸串(玉林总店) ,5259,8.1,8.0,8.1,5.200000000000001
 THE SENSE醒食(九眼桥店) ,5425,8.1,8.1,8.1,5.200000000000001
 叼嘴撸串(玉林总店) ,5258,8.1,8.0,8.1,5.200000000000001
 和幸(双楠伊藤洋华堂店) ,2314,8.3,8.4,8.4,5.2
 凉山好汉自助西昌烧烤(西门店) ,4832,8.2,7.9,8.1,5.2
 蜀九香火锅(玉林店) ,5459,8.2,8.1,8.0,5.2
 老船舫·现做鲜鱼馆(李家沱总店) ,2310,8.4,8.5,8.3,5.199999999999999
 红杏酒家(锦华店) ,6697,8.0,8.1,7.8,5.150000000000001
 興隆悦烤鸭(金牛区艺术城店) ,1603,8.9,9.0,8.7,5.15
 鑫记婆婆兔·成都特产·兔头手撕兔(太古里店) ,3558,8.3,8.2,8.3,5.15
 蜜桃家甜点生日蛋糕(太古里店) ,6121,8.0,7.9,8.0,5.15
 蜀九香火锅(九眼桥店) ,3509,8.3,8.3,8.2,5.1499999999999995
 芳香景 ,1229,8.7,9.2,8.9,5.1499999999999995
 柠檬花园·泰餐厅(三圣乡店) ,3264,8.2,8.7,8.2,5.1499999999999995
 遇见里烘焙·生日蛋糕(高新店) ,1464,8.9,8.8,8.9,5.1499999999999995
 舒艾Chouette·生日蛋糕·甜品下午茶(太古里店) ,1957,8.6,8.6,8.6,5.1000000000000005
 鳗七七家庭式鳗鱼料理(水井坊店) ,1873,8.5,8.7,8.8,5.1000000000000005
 柴头哥·牛肉火锅(爱民路店) ,4467,8.6,7.8,8.1,5.1000000000000005
 辛厨房 ,1956,8.7,8.4,8.7,5.1000000000000005
 成都瓜串串(总店) ,3815,8.2,8.2,8.2,5.1
 书芙蓉舒食小火锅(银泰城店) ,2741,8.3,8.5,8.3,5.050000000000001
 泼辣芋儿鸡(玉林店) ,4690,8.1,8.0,8.0,5.050000000000001
 小融合1862(大丰店) ,2797,8.3,8.4,8.3,5.050000000000001
 牛签签串串香(IFS店) ,4937,8.1,8.1,8.0,5.050000000000001
 花吃嘴儿麻辣烫 ,5455,8.2,7.9,8.0,5.05
 禅边小院·私房菜 ,482,9.1,9.1,9.1,5.05
 芙蓉凰花园酒楼 ,6178,8.0,7.9,7.7,5.000000000000001
 随和玉厨·私房川菜(天府三街店) ,1260,8.6,9.0,8.8,5.0
 茹丝葵经典牛排馆(成都IFS店) ,1272,8.4,8.8,9.1,5.0
 云荟·Serendipity高空餐厅 ,1225,8.4,8.8,9.1,5.0
 Kevin's Laboratory(电子科大店) ,1204,8.7,8.8,8.9,4.999999999999999
 乔一乔怪味餐厅(世纪城店) ,4108,8.3,8.1,8.0,4.95
 老地方跷脚牛肉牛王府(蜀汉路总店) ,1968,8.9,8.3,8.4,4.95
 华道钰善阁 ,2253,8.2,9.1,8.7,4.95
 老街小牛·坨坨牛肉串串(清江东路店) ,4284,8.2,8.1,8.2,4.95
 匠油师傅·川味小馆(宽窄巷子店) ,2677,8.3,8.3,8.3,4.9
 Let's WaKao瓦烤(华宇广场店) ,2559,8.3,8.3,8.3,4.9
 上野樱花·精致料理·烧鸟·寿喜烧(蜀汉路店) ,2940,8.5,8.2,8.4,4.9
 鹅毛店(郫都店) ,2778,8.3,8.3,8.3,4.9
 玉锦花娇·新派川菜(339店) ,555,9.0,8.9,9.1,4.8999999999999995
 丑二哥私厨(太古里店) ,1029,9.1,8.9,9.0,4.8999999999999995
 马路边边串串香(致民路店) ,6775,7.9,7.8,7.9,4.850000000000001
 老黄记手撕烤兔(玉林街店) ,6339,7.9,7.7,7.6,4.850000000000001
 星鸿社重庆老火锅 ,6174,7.9,6.7,7.0,4.850000000000001
 钢管厂歆瑞源油卤串串香(春熙路太古里店) ,6390,7.9,7.8,7.7,4.850000000000001
 抿一嘴二孃鸡爪爪(奎星楼店) ,5939,7.9,7.6,7.7,4.850000000000001
 刘大姐黄辣丁老字号(新津店) ,1432,9.0,8.4,8.8,4.8500000000000005
 喳哇牛油串串(春熙路总店) ,3436,8.4,8.1,8.2,4.85
 宋家黄辣丁砂锅血旺肥肠(新津店) ,3502,8.4,8.0,8.2,4.85
 蜀九香火锅(新会展Art店) ,3045,8.2,8.3,8.2,4.85
 藏炭烧肉屋(建设路店) ,3286,8.3,8.2,8.2,4.85
 YECLIP COFFEE 黄色回形针咖啡 ,1700,8.7,8.4,9.0,4.85
 蓉和妈妈菜·巴山蜀水(双流锦镇店) ,3104,8.2,8.3,8.2,4.85
 23 TWENTY THREE EATERY ,1260,8.8,8.4,8.9,4.85
 清真·牛不比火锅(建设路店) ,2227,8.5,8.7,8.3,4.800000000000001
 禅泉冰粉(奎星楼店) ,4552,8.2,8.1,8.1,4.800000000000001
 百姓百味民间拿手川菜(锦门店) ,1817,8.4,8.4,8.5,4.8
 百姓百味民间拿手川菜(华阳店) ,1800,8.5,8.5,8.5,4.8
 Janvier一月 ,1935,8.5,8.3,8.8,4.8
 FATIM花甜生活·生日蛋糕 ,2236,8.5,8.3,8.6,4.8
 COMMUNE幻师(川大店) ,2277,8.4,8.6,8.4,4.8
 味之绝美蛙鱼头(温江店) ,2269,8.5,8.4,8.4,4.8
 加饮PlusIn咖啡(太古里店) ,3697,8.1,8.0,8.2,4.8
 壹小馆.皇城老妈(成都太古里店) ,4771,8.0,8.2,7.9,4.750000000000001
 牛房Beefun餐酒馆 ,879,8.9,8.9,9.1,4.75
 一个勺子新疆锡伯主题私房菜(红墙巷49号院店) ,2348,8.3,8.4,8.2,4.75
 COMMUNE幻师(电视塔店) ,2549,8.3,8.4,8.2,4.75
 老房子华粹元年花园餐厅(天府三街店) ,1462,8.3,9.0,8.8,4.7
 漾亚·雍雅合鲜(桐梓林店) ,1467,8.5,8.9,8.8,4.7
 YUMWONG彦火蛋糕 ,1279,8.9,8.6,8.7,4.7
 眷蜀冰社·手工冰粉 ,4263,8.1,8.0,8.1,4.65
 巴蜀大宅门火锅(新华公园店) ,4177,8.2,8.0,8.0,4.65
 城墙边私房菜(宝瓶巷店) ,1782,8.4,8.3,8.4,4.65
 FUSION COFFEE馥饮咖啡(九眼桥店) ,1969,8.4,8.3,8.4,4.65
 首泊.SoBomb Restaurant&Bar(花牌坊店) ,1901,8.3,8.6,8.4,4.6499999999999995
 熔岩·东南亚料理 ,1869,8.3,8.6,8.5,4.6499999999999995
 红杏酒家(锦城店) ,4952,8.0,8.0,7.8,4.600000000000001
 龙户人家串串香(外双楠店) ,5295,8.1,7.8,7.9,4.600000000000001
 WaKao瓦烤·宜宾烧烤(天府长城店) ,2294,8.3,8.0,8.4,4.6
 Vito’s Thai Restaurant ,811,9.1,8.4,9.0,4.6
 南山木槿韩国料理·烤肉(蜀汉路店) ,2868,8.3,8.1,8.4,4.6
 炙木烤肉·酒(桐梓林店) ,754,8.9,8.7,9.1,4.6
 铁猪美式烤肉(桐梓林店) ,2872,8.2,8.3,8.3,4.6
 醒食 RAND(成都太古里店) ,3288,8.2,8.2,8.2,4.55
 宽来火锅(南站公园店) ,3122,8.0,8.6,8.2,4.55
 昊·来了寿司(双楠2店) ,3478,8.5,7.9,8.1,4.55
 SEWING MACHINE ,3884,8.2,7.8,8.1,4.500000000000001
 金楼阁茶室(科华店) ,2015,8.2,8.8,8.3,4.5
 漫度时光餐厅·宝宝宴·婚礼·求婚·生日·团建会议(三圣乡店) ,783,8.6,9.0,8.6,4.45
 青三椒怪味鱼(高升桥店) ,2633,8.3,7.9,8.4,4.45
 锅盖烤肉(大源店) ,2591,8.5,7.9,8.3,4.449999999999999
 重庆三甲火锅 ,3138,8.2,8.2,8.1,4.4
 一叶一世界藏茶素火锅(华阳店) ,3469,8.1,8.2,8.2,4.4
 瓦库21(铁像寺水街店) ,1501,8.4,8.8,8.3,4.4
 谦和清心素食(五大花园店) ,1273,8.6,8.4,8.5,4.3999999999999995
 柴嘞个柴·狗咖·猫咖 ,1155,8.3,8.6,8.9,4.3999999999999995
 山下人家·土砂锅腊排馆(青城山店) ,2983,8.2,8.1,8.2,4.3999999999999995
 转转会(莲桂店) ,2989,8.1,8.3,8.0,4.3999999999999995
 御厨阁·泉水蒸汽石锅鱼(总店) ,3063,8.2,8.1,8.2,4.3999999999999995
 道家秘制酸汤鱼(青城山总店) ,2249,8.4,8.2,8.4,4.3500000000000005
 银杏金阁(锦里店) ,4527,8.0,8.2,8.0,4.35
 夏威夷 ·全球海鲜姿造(高新店) ,5330,7.7,7.8,7.8,4.300000000000002
 刘仟万私房菜 ,1090,8.7,8.8,8.7,4.3
 周丹丹原味烧烤(峰度天下店) ,2854,8.2,8.3,8.2,4.3
 独食火锅·半米屋台(直营总店) ,1140,8.4,8.4,8.4,4.25
 汪柴喵·猫咖狗咖·奶狗奶猫·阿拉斯加·缅因·桌游剧本杀(太古里IFS春熙路店) ,1582,8.3,8.4,8.6,4.25
 不二隐庐·商务包间·婚礼(三圣乡店) ,1664,8.3,8.7,8.4,4.25
 壹代·韩式炭火烤肉(空港店) ,1193,8.4,8.3,8.6,4.25
 酥香门弟锅盔凉粉(耿家巷店) ,3471,8.3,7.8,8.1,4.25
 晓靖轩烧烤(沙河风情店) ,3986,8.2,7.8,7.9,4.200000000000001
 脍脍料理(祥和里店) ,4034,8.2,7.6,7.9,4.200000000000001
 厘途·LittleTravel(猛追湾店) ,4109,8.0,8.1,8.0,4.2
 邓记新一代糖油果子(四川煤管局供销公司职工宿舍店) ,3738,8.1,7.7,8.0,4.2
 银芭·工作室 ,1911,8.2,8.4,8.3,4.199999999999999
 厘途·LittleTravel(宽窄店) ,2488,8.1,8.3,8.2,4.15
 潮森源汕头鲜牛肉火锅店(爱民路店) ,2845,8.6,7.9,8.1,4.15
 半边面馆(春熙路店) ,2431,8.2,8.0,8.3,4.15
 解香·浣花(杜甫草堂店) ,1020,8.4,8.8,8.7,4.15
 昊·来了寿司(西村店) ,2318,8.4,8.0,8.1,4.15
 派立方聚会馆PARTY CUBE(高新招商花园城店) ,966,8.3,9.0,8.7,4.15
 双流冯记老妈兔头·江湖菜(青石桥总店) ,3544,8.1,8.0,8.1,4.1000000000000005
 富贵老火锅(万象城店) ,2989,8.1,8.0,8.1,4.1000000000000005
 闻酥园(大慈寺店) ,3243,8.2,8.0,8.0,4.1
 kurokii黑酒(科华北路店) ,1354,8.3,8.5,8.4,4.1
 蓉荣·北大铺盖面(总店) ,4356,8.1,7.7,7.7,4.05
 WHEAT&BAKER-麥(凯德来福士店) ,2807,8.2,8.2,8.2,4.0
 辛厨房·辛悦 ,705,8.2,8.9,9.0,4.0
 蜗牛翻糖定制蛋糕SnailCake(宽窄巷子店) ,479,8.6,8.4,8.7,4.0
 树下zakka ,1577,8.3,8.3,8.4,3.95
 野营烤肉韩国料理OUTDOOR BBQ(总店) ,1565,8.4,8.2,8.7,3.95
 薛涛院子里·中餐茶艺(三圣乡店) ,1537,8.3,8.9,8.2,3.9499999999999997
 Pause Coffee Express(太古里店) ,1816,8.3,8.1,8.3,3.9
 银芭1986(麓镇店) ,2037,8.1,8.3,8.3,3.9
 ALICE梦幻甜点屋(仁和新城店) ,674,8.5,8.5,8.8,3.8500000000000005
 短笛Piccolo Coffee(宽窄巷子店) ,2456,8.1,8.2,8.2,3.8500000000000005
 遇见你·创意私房菜(桐梓林店) ,466,8.6,8.4,8.5,3.8499999999999996
 casamosaico卡萨马可意大利餐厅 ,479,8.3,8.5,8.9,3.8499999999999996
 梨巴家PearBa·定制生日蛋糕 ,330,8.7,8.4,8.5,3.8499999999999996
 歆瑞源油卤串串(海椒市店) ,2972,8.2,7.6,8.0,3.8
 三浮冰事·舒芙蕾(较场坝店) ,3424,8.1,7.9,8.0,3.8
 羿庭·大堂吧(华尔道夫酒店) ,1493,8.2,8.6,8.5,3.8
 黑天鹅蛋糕 · 下午茶(新希望店) ,1708,8.2,8.4,8.5,3.8
 牛牛和牛寿喜锅·和牛自助火锅(银泰城1.0店) ,1923,8.4,8.0,8.2,3.7500000000000004
 斗牛潮汕牛肉火锅(宽窄巷子店) ,2044,8.4,8.1,8.2,3.7500000000000004
 孙記碳火烤羊腿(成都首店) ,2095,8.4,8.1,8.2,3.7500000000000004
 老成都三样面(过街楼街店) ,3695,7.9,7.8,7.8,3.75
 杨三孃跷脚牛肉(橡树林店) ,1768,8.6,8.0,8.1,3.75
 韩国味亲烤肉(石油大学店) ,2404,8.1,8.0,8.2,3.7000000000000006
 隐庐·古法川菜(高新店) ,1085,8.3,8.5,8.7,3.7
 半甜CAKE定制烘焙(高新店) ,498,8.4,8.3,8.6,3.7
 南汇57 ,846,8.3,8.6,8.6,3.7
 八百雲日料(红星路店) ,837,8.5,8.3,8.7,3.7
 焱味·邱金(科华路店) ,2809,8.2,8.0,8.1,3.7
 朱大嘴肥肠豆汤(福字街店) ,2398,8.5,7.8,8.0,3.6999999999999997
 闲亭(峨影店) ,2869,8.0,8.7,7.9,3.6999999999999997
 S Kitchen偲厨 ,1495,8.1,8.5,8.5,3.6500000000000004
 顺江味道 ,1338,8.4,8.3,8.2,3.6500000000000004
 全渔村小排档(祥和里店) ,1684,8.5,8.1,8.5,3.6500000000000004
 BLUE HILL蓝色山丘 ,1724,8.2,8.4,8.3,3.65
 杨师傅糖油果子(吉祥街店) ,3062,8.1,7.8,8.0,3.65
 满山盘盘烤肉(文星总店) ,3261,8.0,7.9,8.1,3.6499999999999995
 慢作WORKTOP(丽都路店) ,1798,8.1,8.2,8.3,3.6
 李歪歪纸包鱼(天府新区店) ,1820,8.3,8.1,8.2,3.6
 面包谷Grains n'Beans(桐梓林店) ,2274,8.1,8.3,8.2,3.6
 悦哉·派对·草坪婚礼·围炉煮茶(三圣乡店) ,1097,8.3,8.7,8.3,3.55
 鹅煮管·火宫私家食府(总店) ,2919,8.3,7.7,8.0,3.55
 NOMNOM 东南亚餐·西餐 ,1602,8.4,8.1,8.3,3.5000000000000004
 渺秒海鲜大排档(双楠广福店) ,1288,8.3,8.2,8.3,3.5
 邓氏兔头 ,3148,8.1,7.7,7.9,3.5
 蜀串香厕所串串总店 ,3072,8.1,7.7,7.9,3.5
 去茶山(太古里手艺店) ,2950,7.9,8.1,7.9,3.4999999999999996
 去茶山(太古里手艺店) ,2950,7.9,8.1,7.9,3.4999999999999996
 中介食所云南烧烤(玉林店) ,1849,8.2,8.2,8.2,3.45
 私串居酒屋(大世界商业广场店) ,2365,8.1,8.0,8.0,3.4000000000000004
 牛宝贝养生黄牛肉(武侯立交桥店) ,655,8.4,8.3,8.3,3.4
 浮光之丘MontCake蛋糕(花牌坊店) ,624,8.3,8.3,8.5,3.3999999999999995
 盧匠日料 ,689,8.3,8.3,8.4,3.3999999999999995
 陶记蛋烘糕·冰粉(武侯祠总店) ,1594,8.3,8.0,8.3,3.35
 聚悉地餐馆素食自助餐 ,3055,7.8,7.9,7.8,3.3499999999999996
 钢管厂五区小郡肝串串香(太古里店) ,3333,7.9,7.9,7.8,3.3499999999999996
 永盈福喜·广州味道(春熙店) ,1851,8.1,8.2,8.2,3.3000000000000003
 乐山食古香跷脚牛肉 ,1817,8.2,8.1,8.2,3.3000000000000003
 张七贵的芋儿肥肠鸡(三瓦窑长乐佳苑店) ,2290,8.2,7.8,8.3,3.3
 云门锦翠(商鼎国际店) ,876,8.2,8.5,8.5,3.25
 DearCake 黛点心(花牌坊店) ,950,8.3,8.3,8.3,3.2499999999999996
 日光浮酥(双楠店) ,1493,8.3,8.2,8.2,3.2
 白孚孚by一行蛋糕铺 ,1389,8.2,8.3,8.2,3.2
 攀枝花·任德琼·盐边羊肉米线 ,3184,7.7,7.3,7.5,3.1999999999999997
 花水湾红太阳牛肉汤锅(温泉正街店) ,3227,7.7,7.6,7.7,3.1999999999999997
 吴三孃河坝卤菜总店 ,1897,8.2,8.0,8.1,3.1500000000000004
 渣女老火锅(总店) ,2750,8.1,7.8,8.0,3.1
 GOODSAUCE CAFE(滨江路店) ,773,8.2,8.4,8.3,3.1
 鱼桥巷·美学川菜 ,794,8.1,9.0,8.2,3.1
 无肉不欢 ,244,8.5,8.1,8.4,3.0999999999999996
 翠玲珑CUI(万象南路店) ,915,8.1,8.4,8.4,3.0999999999999996
 天丼王·和食料理(太古里店) ,1008,8.3,8.2,8.4,3.0999999999999996
 王婆荞鲜鱼自助火锅(蜀汉路店) ,1449,8.3,8.0,8.2,3.0500000000000003
 黄哥江油肥肠·川菜(较场坝店) ,1714,8.4,7.9,8.2,3.0500000000000003
 独食火锅·半米屋台(广都店) ,1598,8.1,8.2,8.3,3.05
 素斋(香园店) ,2048,8.0,8.3,8.0,3.0
 斗牛潮汕牛肉火锅(华阳直营店) ,1947,8.2,8.0,8.0,3.0
 徐记君味老火锅(双林中横路总店) ,2729,8.1,7.8,7.8,2.95
 拈一筷子·宜宾江湖菜(总店) ,2344,8.0,8.0,7.8,2.9499999999999997
 彼德西餐厅(悠方店) ,1260,8.2,8.2,8.2,2.9000000000000004
 吾福食肆烧肉酒场(双楠店) ,1735,8.1,8.1,8.0,2.8499999999999996
 新疆艾力达达美味(马新路店) ,1731,8.3,7.4,7.7,2.8499999999999996
 我的四季意大利餐厅(春天百货店) ,631,8.1,8.2,8.6,2.8
 茶百道(太古里店) ,2408,8.0,7.9,7.9,2.8
 Haru·Bistro 餐酒馆(桐梓林店) ,526,8.2,8.2,8.4,2.8
 蜜桃家甜点生日蛋糕(世纪城店) ,1596,8.2,8.0,8.2,2.7500000000000004
 黑石香村柴火鸡 ,1566,8.5,7.7,8.1,2.75
 陈记爷爷婆婆蛋烘糕(还玉苑店) ,2111,8.1,7.7,8.1,2.7
 猪事顺利猪咖狗咖 ,897,8.1,8.2,8.5,2.6500000000000004
 麓山安珀酒店-麓咖啡西餐厅 ,409,8.1,8.4,8.2,2.65
 锦味鲜·六样菜 ,1073,8.4,8.0,8.2,2.65
 周记PASTRY新中式糕點(海椒市街店) ,2947,8.0,7.8,7.8,2.65
 李氏豆花庄(青城山店) ,2911,7.9,7.7,7.9,2.65
 千香引铁盘烤肉(贝新巷店) ,406,8.5,8.0,8.2,2.65
 中介食所云南烧烤(猛追湾店) ,920,8.3,8.2,8.2,2.65
 川西火焰山西昌火盆烧烤(郫县店) ,1242,8.2,8.1,8.1,2.6000000000000005
 茉柑橘MOLLY&CLEMENTINE(宽窄巷子店) ,1647,8.2,8.1,8.1,2.6000000000000005
 Kion暖暖面包屋(高新店) ,1277,8.1,8.1,8.2,2.6
 西昌老号李小肠特色烧烤园直营店(清水河店) ,1913,8.1,7.9,7.9,2.55
 彼德西餐厅(桐梓林东路店) ,2148,8.0,8.1,8.0,2.55
 熟地当归(新南门店) ,766,8.1,8.2,8.3,2.5
 陈记小凤鲜芋儿鸡(大丰店) ,612,8.3,8.0,8.2,2.5
 长颈鹿Giraffe ,678,8.1,8.2,8.3,2.5
 OrangeTree甜橙树 ,640,8.1,8.3,8.2,2.5
 Secret Coffee JAY音乐主题店(悦熙广场店) ,470,8.2,8.0,8.3,2.5
 大象厨房(圣桦城店) ,1631,8.1,8.1,8.1,2.45
 雷堂豆花甜品(华润二十四城店) ,1274,8.1,8.0,8.1,2.45
 TOAST HOUSE吐司房子(摩方店) ,1260,8.2,7.9,8.1,2.45
 不二山房 ,1413,7.8,8.3,8.0,2.4499999999999997
 巷巷火锅 ,2229,8.1,7.8,7.9,2.4
 白老板的嘿店 ,2049,7.9,8.0,7.9,2.4
 香味面(祥和里店) ,1861,8.1,7.5,7.9,2.4
 蜜桃家甜点生日蛋糕(双楠店) ,643,8.2,8.2,8.2,2.35
 松云泽 ,921,8.2,8.2,8.2,2.35
 杰森小馆(宽窄巷子店) ,739,8.2,8.2,8.2,2.35
 会飞的鸡Flyingchicken(成华店) ,1671,8.2,7.9,8.0,2.3
 拂晓山房·私房川菜(高新红唐店) ,1624,7.8,8.3,7.9,2.3
 南门精酿·西餐吧(桐梓林店) ,1238,8.0,8.2,8.0,2.15
 昊·来了寿司(华府大道店) ,1736,7.8,7.6,7.6,2.1
 春耕野菜馆(华阳店) ,1894,7.8,7.7,7.7,2.1
 拾间恰好巷口串串 ,997,8.1,8.1,8.2,2.05
 8695Cake 蛋糕(成都店) ,387,8.1,8.1,8.2,2.05
 堂玉春娇(龙湖店) ,514,8.1,8.1,8.2,2.05
 LA LIBERTE自由烘焙·咖啡 ,756,8.2,8.0,8.1,2.05
 三山两田新疆菜(天荟·万科广场店) ,1487,7.9,8.1,8.0,2.0
 Molee·泰府(东郊店) ,1514,7.9,8.0,8.0,2.0
 Panda Queen(成都店) ,1638,8.0,8.0,8.0,2.0
 竹海听涛生态山庄 ,748,8.0,8.3,8.0,1.9000000000000001
 花雕醉鸡(电子科大店) ,683,8.1,8.0,8.1,1.9
 醉月城西昌火盆烧烤(四川总店) ,1476,8.1,7.8,7.9,1.8499999999999999
 晏记石锅苗苗鱼·老字号(三道堰总店) ,1451,8.1,7.8,7.9,1.8499999999999999
 夜食乐山·江湖菜(牛市口直营店) ,1699,8.1,7.5,7.8,1.8499999999999999
 蜀西火焰山西昌火盆烧烤(芽庄花园店) ,538,8.1,8.0,8.0,1.75
 B·HOUSE亲子烤肉自助餐厅·生日宴·围炉煮茶(三圣乡店) ,697,7.8,8.2,8.0,1.6
 将个烂就麻辣烫 ,787,8.0,8.0,8.1,1.5999999999999999
 火焰山西昌火盆烧烤(双流总店) ,1597,8.0,7.7,7.8,1.5499999999999998
 焖烤大叔·烧烤羊肉串 ,435,8.0,7.9,8.0,1.3
 渺秒海鲜大排档(金沙同盛店) ,1012,8.0,8.0,7.8,1.2999999999999998
 清泰园庭院火锅 ,840,7.9,8.0,7.7,1.2999999999999998
 自贡扛霸子鲜锅兔(温江店) ,786,7.9,7.7,7.9,1.0
 玉垒阁 ,299,7.7,7.8,7.8,1.0
 仲夏龙蒿·花园西餐厅·清水河公园店 ,15,7.3,7.5,7.4,1.0
 TwoFat汁味烧烤 ,844,7.9,7.3,7.5,1.0
 桂花田园休闲庄 ,168,7.4,7.3,7.5,1.0
 西昌火盆炭烤香猪(总店) ,794,8.0,7.6,7.9,1.0
 泰合素食(双流店) ,1057,7.7,7.7,7.6,1.0
 香菇秦肥肠(新华社区店) ,529,7.9,7.2,7.7,1.0
